product_name,target,dataset_type
Обои бумажные Rasch Kids&Teens III розовые 0.53 м 210934,1,train
Обои флизелиновые Elysium Танго бежевые 1.06 м Е15301,0,train
Обои флизелиновые Rasch Florentine II оранжевые 0.53 м 448573,0,train
Обои бумажные Rasch Kids&Teens III розовые 0.53 м 210934,1,train
Обои бумажные Брянск Яблочный к-4 0.53 м Яблочный к-4 Х 24 бумаж.Обои Брянск,1,train
Обои виниловые Плитка бежевые 0.53 м 0217-2,0,train
"Обои флизелиновые Belvinil Либерти розовые 1.06 м Либерти 0206-61 Х 9 флиз Обои ""Belvinil""",0,train
Обои виниловые Elysium Санрайз бежевые 0.53 м 902900,0,train
Обои флизелиновые Inspire Anna Wave серые 1.06 м 956948,0,train
"Обои флизелиновые Belvinil Ришелье бежевые 1.06 м Ришелье 0153-51 Х 9 флиз Обои ""Belvinil""",0,train
Обои флизелиновые Палитра Soft cage серые 0.53 м N1000-41,0,train
Обои флизелиновые Палитра Floris коричневые 0.53 м PL51016-58,0,train
Обои флизелиновые Home Color Fresco бежевые HC31006-22 1.06 м,0,train
Обои бумажные Московская обойная фабрика Цветущий миндаль зеленые 231412-7 0.53 м,1,train
Обои флизелиновые Elysium Танго бежевые 1.06 м Е15301,0,train
Обои флизелиновые Belvinil Игрушки зелёные 1.06 м 0260-72х9,0,train
Обои флизелиновые Belvinil Игрушки жёлтые 1.06 м 0260-52х9,0,train
Обои бумажные Esprit Home Esprit 12 белые 0.53 м 327921,1,train
Обои бумажные Волны розовые 0.53 м 227-03 Д13,1,train
Обои флизелиновые Home Color Delo бежевые 1.06 м HC31053-12,0,train
Обои флизелиновые Rasch Poetry 2 бежевые 545449 0.53 м,0,train
Обои флизелиновые Rasch Diamond Dust 2016 голубые 1.06 м 903201,0,train
Обои флизелиновые Rasch Chatelaine III зеленые 968538 1.06 м,0,train
Обои бумажные Rasch Bambino XVIII серые 0.53 м 247114,1,train
Обои флизелиновые Rasch Poetry 2 бежевые 542738 0.53 м,0,train
Обои флизелиновые Rasch African Queen серые 0.53 м 422405,0,train
Обои флизелиновые A.S. Creation Metropolitan Stories белые 0.53 м 368961,0,train
Обои бумажные Erismann Lotta 2 0.53 м 7357-09,1,train
Обои виниловые Aura Texture World бежевые 0.53 м 192301,0,train
Обои на бумажной основе для кухни 0.53х10 м цвет бежевый М 586 305 00,0,train
Обои флизелиновые Rasch Florentine 2017 бежевые 0.53 м 448566,0,train
Обои бумажные Московская Обойная Фабрика Вальс-Бостон зелёные 0.53 м 237112-7,1,train
Обои флизелиновые Rasch Easy Passion бежевые 0.53 м 731545,0,train
Обои флизелиновые Vog Collection Ояс серые 1.06 м 50004-41,0,train
Обои флизелиновые Elysium Котильон белые 1.06 м Е45101,0,train
Обои флизелиновые Elysium Сен-Луи серые 1.06 м Е45306,0,train
Обои виниловые Aura Kitchen Story II бежевые 0.53 м KE29937,0,train
Обои флизелиновые Elysium Марта бежевые 1.06 м Е35502,0,train
Обои флизелиновые Belvinil Игрушки жёлтые 1.06 м 0260-52х9,0,train
Обои флизелиновые А.С. И Палитра Салют серые 1.06 м 35004-21,0,train
Обои флизелиновые Rasch Poetry бежевые 0.53 м 424034,0,train
Обои флизелиновые A.S. Creation «Кабаре» бордовые 1.06 м 1337-42,0,train
Обои флизелиновые Rasch Gentle Elegance 2016 серые 0.53 м 724202,0,train
Обои бумажные York Opal Essence коричневые 0.53 м JC5915,1,train
Обои флизелиновые Палитра  «Полосы» серые 0.53х10 м PL51006-41,0,train
Обои флизелиновые Rasch Seduction бежевые 0.53 м 796667,0,train
Обои виниловые Aura Little England II бежевые 0.53 м PR33869,0,train
Обои бумажные Rasch Kids&Teens III синие 0.53 м 210910,1,train
Обои бумажные гофрированные Кирпичики 0.53х10 м цвет тёмно-серый 19,1,train
"Обои флизелиновые Belvinil Либерти розовые 1.06 м Либерти 0206-61 Х 9 флиз Обои ""Belvinil""",0,train
Обои флизелиновые Alteliero Duna жёлтые 1.06 м AT38330-13,0,train
Обои бумажные Незабудки 0.53х10.05 м цвет голубой,1,train
Обои флизелиновые Rasch Bond Street 2015 серые 0.53 м 726251,0,train
Обои флизелиновые Rasch Trianon 2015 бежевые 0.53 м 513493,0,train
Обои виниловые Aura Kitchen Story II бежевые 0.53 м KE29901,0,train
Обои флизелиновые Мир Авангард бежевые 1.06 м 11-216-03,0,train
Обои бумажные Моф EcoStyle серые 0.53 м 332812-1,1,train
Обои виниловые Aura Kitchen Story II бежевые 0.53 м KE29901,0,train
Обои флизелиновые Rasch Easy Passion бежевые 0.53 м 731507,0,train
Обои флизелиновые Rasch Maximum X коричневые 1.06 м 924633,0,train
Обои флизелиновые Belvinil Завитки бежевые 1.06 м 0100-63 (11СБ3),0,train
Обои флизелиновые Rasch Florentine 2017 бежевые 0.53 м 448566,0,train
Обои бумажные для детской 0.53х10 м цветные бабочки цвет бирюзовый Ra 216714,1,train
Обои виниловые Willberry Кухня белые 0.53 м 8490,0,train
"Обои на бумажной основе EcoStyle «Астра 5», 53x10.05 м, цвет серый",1,train
Обои бумажные York Opal Essence серые 0.53 м JC6032,1,train
Обои флизелиновые Vernissage Tornado синие 1.06 м 167101-82,0,train
Обои флизелиновые Rasch African Queen коричневые 0.53 м 422757,0,train
Обои флизелиновые Rasch Easy passion бежевые 0.53 м 731514,0,train
Обои флизелиновые Полоса серые 1.06 м 1023-22,0,train
Обои виниловые Aura Little England II розовые 0.53 м PR33870,0,train
Обои виниловые Aura Little England II серые 0.53 м PR33863,0,train
Обои флизелиновые Rasch Gentle Elegance 2016 коричневые 0.53 м 724004,0,train
"Обои флизелиновые Belvinil Шафран розовые 1.06 м Шафран 0182-51 Х 9 флиз Обои ""Belvinil""",0,train
Обои флизелиновые Ateliero Alessia серые 1.06 м 38325-06,0,train
Обои флизелиновые Rasch Easy passion серые 0.53 м 731538,0,train
Обои бумажные Rasch Kids & Teens серые 247411 0.53 м,1,train
Обои флизелиновые Rasch Deco Chic 2015 бежевые 0.53 м 728835,0,train
Обои флизелиновые Rasch Gentle Elegance 2016 бежевые 0.53 м 724035,0,train
"Обои ED1017-2, бумажные , цвет розовый, 0.53x10 м",1,train
Обои бумажные A.S. Creation Boys & Girls 5 серые 0.53 м 304682,1,train
Обои флизелиновые Belvinil Розы бежевые 1.06 м 0204-61 (11ЭСБ3),0,train
Обои бумажные Финифть голубые 0.53 м 4097-82 (С6К),1,train
Обои флизелиновые Elysium Милонга розовые 1.06 м Е75005,0,train
Обои флизелиновые Rasch Freundin зелёные 0.53 м 441000,0,train
Обои флизелиновые Rasch Chatelaine III бежевые 968514 1.06 м,0,train
Обои виниловые Vernissage Ленты бежевые 0.53 м 162077-23,0,train
Обои бумажные Брянск Океан2М бежевые 0.53 м,1,train
Обои виниловые Elysium Лимон бежевые 0.53 м 99400,0,train
Обои флизелиновые Rasch Bond Street 2015 серые 0.53 м 726602,0,train
Обои бумажные Финифть голубые 0.53 м 4097-82 (С6К),1,train
Обои бумажные Моф EcoStyle оранжевые 0.53 м 237432-3,1,train
Обои флизелиновые Rasch Trianon 2015 зелёные 0.53 м 513448,0,train
Обои виниловые Aura Kitchen Story II бежевые 0.53 м KK26755,0,train
Обои бумажные Моф EcoStyle 334512-7 0.53 м цвет бирюзовый,1,train
Обои флизелиновые Rasch Poetry 2 серые 543346 0.53 м,0,train
Обои виниловые Aura Silks & Textures зелёные 0.53 м NT33750,0,train
Обои флизелиновые Палитра Floris серые 0.53 м PL51015-44,0,train
Обои виниловые Aura Little England II голубые 0.53 м PR33864,0,train
Обои виниловые Ложки серые 0.53 м 2840,0,train
Обои бумажные Моф EcoStyle 334512-8 0.53 м цвет голубой,1,train
Обои флизелиновые Rasch African Queen коричневые 0.53 м 422696,0,train
Обои виниловые Aura Little England II коричневые 0.53 м PR33831,0,train
Обои флизелиновые Belvinil Шелк бежевые 1.06 м 0203-61 (11ЭСБ3),0,train
Обои бумажные Rasch Pummeleinhorn голубые 0.53 м 212211,1,train
Обои флизелиновые Home Color Delo бежевые 1.06 м HC31054-12,0,train
Обои флизелиновые Вензель белые 1.06 м 1126-11,0,train
Обои виниловые Палитра Мрамор 0.53х10 м цвет бежевый 1360-12,0,train
Обои флизелиновые Aura Memories коричневые 0.53 м G56118,0,train
Обои флизелиновые Rasch Out of Africa 2012 серые 0.53 м 715255,0,train
Обои виниловые Aura Kitchen Story II бежевые 0.53 м KT15511,0,train
Обои флизелиновые Индустрия Diadema бежевые 1.06 м 167055-83,0,train
Обои флизелиновые Rasch Poetry серые 0.53 м 425529,0,train
"Обои флизелиновые Belvinil Забава коричневые 1.06 м 0248-61-1,06",0,train
Обои флизелиновые Палитра Colorist белые 4044-01 1.06 м,0,train
Обои флизелиновые Rasch Easy passion бежевые 0.53 м 731583,0,train
Обои флизелиновые Rasch Maximum XII бежевые 1.06 м 926934,0,train
Обои флизелиновые Rasch Alla Prima 1.06 м 958539,0,train
Обои бумажные A.S. Creation Boys & Girls 6 0.53 м 936331,1,train
Обои флизелиновые Rasch Gentle Elegance 2016 серые 0.53 м 725698,0,train
Обои флизелиновые Home Color Serra бежевые 1.06 м HC31051-21,0,train
Обои флизелиновые Elysium Элемент коричневые 1.06 м Е76403,0,train
Обои бумажные Georgetown Designs Roses серые 0.70 м PN0412,1,train
Обои бумажные Carlisle Company Aged Elegance бежевые 0.70 м LG3378,1,train
Обои виниловые Elysium Ницца серые 0.53 м 901803,0,train
Обои флизелиновые Палитра Plaster оранжевые 1.06 м 3101-55,0,train
Обои виниловые с эффектом окрашенных стен зелёные 0.53 м 2169-77,0,train
Обои флизелиновые Rasch Selection Relief Vlies синие 0.53 м 701753,0,train
Обои виниловые Классика Дамаск белые 0.53 м 10027-11,0,train
Обои виниловые Belvinil Либерти бежевые 0.53 м БВ02180206-51,0,train
"Обои ED1016-8, бумажные , цвет коричневый, 0.53x10 м",1,train
Обои флизелиновые Индустрия Elements бежевые 1.06 м 167097-81,0,train
"Обои флизелиновые Belvinil Шелк серые 1.06 м Шелк 0203-63 Х 9 флиз Обои ""Belvinil""",0,train
"Обои VV31048-21, на флизелиновой основе, цвет бежевый, 1.06х10 м",0,train
Обои флизелиновые Rasch Florentine 2017 бежевые 0.53 м 449099,0,train
Обои флизелиновые Вензель бежевые 1.06 м 1124-11,0,train
Обои виниловые Aura Little England II розовые 0.53 м PR33852,0,train
Обои флизелиновые Rasch Poetry 2 бежевые 542714 0.53 м,0,train
"Обои ED1016-8, бумажные , цвет коричневый, 0.53x10 м",1,train
Обои бумажные Rasch Kids Teens II белые 0.53 м 292909,1,train
Обои флизелиновые Rasch Poetry 2 бежевые 545418 0.53 м,0,train
Обои бумажные 0.53х10.05 м цветы цвет бежевый МОФ 233922-4,1,train
Обои виниловые Aura Little England II бежевые 0.53 м PR33844,0,train
Обои флизелиновые Rasch Gentle Elegance 2016 серые 0.53 м 725193,0,train
Обои флизелиновые Rasch Black Forest 2016 0.53 м 514728,0,train
Обои флизелиновые Vilia Витас серые 1.06 м 1339-61,0,train
Обои виниловые Aura Silks & Textures зелёные 0.53 м NT33750,0,train
Обои бумажные Моф EcoStyle синие 0.53 м 239302-1,1,train
Обои флизелиновые Rasch Poetry 2 зеленые 547344 0.53 м,0,train
Обои флизелиновые Палитра Stone land белые 0.53 м N1001-11,0,train
Обои флизелиновые Вензель серые 1.06 м 1116-22,0,train
Обои виниловые Belvinil Либерти бежевые 0.53 м БВ02180206-51,0,train
Обои виниловые Elisium Сладости фисташковые 0.53 м ЭЛ96623,0,train
Обои флизелиновые Industry Chloe бежевые 1.06 м 167094-94,0,train
Обои бумажные Rasch Kids & Teens II розовые 0.53 м 248111,1,train
Обои флизелиновые Палитра «Волны» бежевые 0.53х10 м PL51001-22,0,train
"Обои флизелиновые МИР Единороги, цвет голубой, 0.53x10 м 24-255-02",0,train
Обои флизелиновые Elysium Кватр серые 1.06 м Е57607,0,train
Обои флизелиновые Вензель серые 1.06 м 1125-22,0,train
Обои флизелиновые Home Color Cantata зеленые HC31093-77 1.06 м,0,train
Обои флизелиновые A.S. Creation Metropolitan Stories серые 0.53 м 368973,0,train
Обои виниловые Цветы белые 0.53 м 0002-6,0,train
Обои флизелиновые Rasch Poetry 2 бежевые 542714 0.53 м,0,train
Обои флизелиновые Rasch Florentine 2017 бежевые 0.53 м 448870,0,train
Обои флизелиновые Rasch Seduction фиолетовые 0.53 м 796360,0,train
Обои флизелиновые Elysium Адель коричневые 1.06 м Е67304,0,train
Обои виниловые Vilia Луиза бежевые 0.53 м 1189-62х12,0,train
Обои флизелиновые Belvinil Альбери зелёные 1.06 м Альбери-фон 0189-71 Х 9 флиз Обои,0,train
Обои бумажные Моф EcoStyle зелёные 0.53 м 237002-1,1,train
Обои виниловые Vernissage Кора Дерева бежевые 0.53 м 16122-23,0,train
Обои флизелиновые Belvinil Городской серые 1.06 м 0164-22,0,train
"Обои на бумажной основе EcoStyle «Марселла 2», 53x10.05 м, цвет бежевый",1,train
Обои бумажные Rasch Kids&Teens III фиолетовые 0.53 м 247466,1,train
"Обои флизелиновые Belvinil Ваниль 1.06 м Ваниль 0183-72 Х 9 флиз Обои ""Belvinil""",0,train
Обои бумажные Моф EcoStyle синие 0.53 м 239302-1,1,train
Обои флизелиновые Rasch Trianon 2015 бордовые 0.53 м 513479,0,train
Обои флизелиновые Rasch Seduction фиолетовые 0.53 м 796575,0,train
Обои флизелиновые Rasch Poetry 2 бежевые 543315 0.53 м,0,train
"Обои VV31047-21, на флизелиновой основе, цвет бежевый, 1.06х10 м",0,train
Обои флизелиновые Elysium Шпалеры розовые 1.06 м Е54854,0,train
Обои флизелиновой основе 1.06х10 м цветы ER 2254-5,0,train
Обои флизелиновые Rasch Alla Prima 1.06 м 958515,0,train
Обои флизелиновые Belvinil Игрушки 1.06 м 0259-91х6,0,train
Обои виниловые Палитра Bourbon серые 0.53 м 1368-14,0,train
Обои бумажные A.S. Creation Boys & Girls 6 0.53 м 955961,1,train
Обои флизелиновые Rasch Poetry бежевые 0.53 м 425512,0,train
"Обои флизелиновые Belvinil Ваниль 1.06 м Ваниль 0183-81 Х 9 флиз Обои ""Belvinil""",0,train
Обои на бумажной основе для кухни 0.53х10 м цвет бежевый М 586 305 00,0,train
Обои флизелиновые Rasch Trianon 2015 зелёные 0.53 м 512854,0,train
Обои флизелиновые Rasch Florentine II бежевые 0.53 м 448818,0,train
Обои виниловые Aura Kitchen Story II жёлтые 0.53 м KE29911,0,train
Обои бумажные Брянск Яблочный к-4 0.53 м Яблочный к-4 Х 24 бумаж.Обои Брянск,1,train
Обои флизелиновые Rasch b.b home passion V коричневые 0.53 м 479614,0,train
Обои на флизелиновой основе 1.06х10 м рогожка цвет бежевый Ra 967319,0,train
Обои бумажные Брянск Классик к4 коричневые 0.53 м,1,train
Обои флизелиновые Rasch Emocion 2013 бежевые 0.53 м 776225,0,train
Обои бумажные Марс 0.53х10.05 м цвет бежевый,1,train
Обои флизелиновые Вензель серые 1.06 м 1025-22,0,train
Обои виниловые Классика Дамаск белые 0.53 м 10027-11,0,train
Обои виниловые Aura Texture World бежевые 0.53 м 530807,0,train
Обои флизелиновые Вензель серые 1.06 м 1124-22,0,train
Обои флизелиновые Rasch Aurelia part.1 голубые 1.06 м 909418,0,train
Обои флизелиновые Did Манифесто бежевые 1.06 м 3003-2,0,train
Обои бумажные Феодосия белые 0.53 м 211-02 С11,1,train
Обои флизелиновые Elysium Уют коричневые 1.06 м Е77803,0,train
Обои флизелиновые Rasch Poetry бежевые 0.53 м 424058,0,train
Обои бумажные Carlisle Company Wild Orchid зелёные 0.70 м WN2555,1,train
Обои флизелиновые Elysium Элемент серые 1.06 м Е76404,0,train
Обои флизелиновые Rasch Deco Chic 2015 бежевые 0.53 м 728897,0,train
Обои бумажные для детской Птицы 0.53х10.05 м цвет розовый,1,train
Обои флизелиновые Rasch Fabulous Velvet 2012 серые 0.53 м 765090,0,train
Обои виниловые Ls 0103-5 ПВ бежевые 1116-5 0.53 м,0,train
Обои флизелиновые Rasch Gentle Elegance 2016 коричневые 0.53 м 725667,0,train
Обои флизелиновые Rasch Gentle Elegance 2016 бежевые 0.53 м 725742,0,train
Обои виниловые Маки красные 0.53 м 236- 01,0,train
"Обои Kvadro однотонные 103203, 1.06x10 м, виниловые на флизелиновой основе, цвет серый",0,train
Обои флизелиновые Rasch Poetry 2 зеленые 542462 0.53 м,0,train
Обои флизелиновые Belvinil Амаретто серые 1.06 м 0173-22,0,train
Обои флизелиновые Rasch Diamond Dust 2016 серые 1.06 м 903218,0,train
Обои виниловые Aura Little England II розовые 0.53 м PR33870,0,train
Обои виниловые Aura Little England II бежевые 0.53 м PR33822,0,train
Обои виниловые Belvinil Графит белые 0.53 м 0146-62х12,0,train
Обои бумажные Волны розовые 0.53 м 227-03 Д13,1,train
Обои бумажные Ronald Redding Resource II красные 0.70 м DN4628,1,train
Обои флизелиновые Sonet бежевые 1.06 м Е76300,0,train
Обои флизелиновые Rasch Trianon 2015 жёлтые 0.53 м 513035,0,train
Обои флизелиновые Rasch Trianon 2015 серые 0.53 м 512823,0,train
Обои флизелиновые Home Color Serra бежевые HC31051-14 1.06 м,0,train
Обои флизелиновые Палитра NANO белые PL44045-01a 1.06 м,0,train
Обои флизелиновые Rasch Poetry 0.53 м 425611,0,train
"Обои на бумажной основе Фрегат 587 287 01, 0.53x10 м, цвет бежевый",0,train
Обои флизелиновые Rasch Chatelaine III бежевые 968521 1.06 м,0,train
Обои флизелиновые Sonet серые 1.06 м Е77705,0,train
Обои флизелиновые Rasch Poetry 0.53 м 425628,0,train
Обои бумажные Голландия зелёные 0.53 м 25-МО,1,train
Обои флизелиновые Rasch Trianon 2015 коричневые 0.53 м 513387,0,train
Обои флизелиновые Rasch Gentle Elegance 2016 бордовые 0.53 м 725155,0,train
Обои флизелиновые Rasch Catania серые 1.06 м 929416,0,train
Обои флизелиновые Belvinil Эмили коричневые 1.06 м 0012-62,0,train
Обои бумажные A.S. Creation Boys & Girls 5 серые 0.53 м 304682,1,train
Обои бумажные Вояж бежевые 0.53 м С1-МО,1,train
Обои флизелиновые Палитра Ethno серые 1.06 м 3209-14,0,train
Обои бумажные Decoprint Young at Home красные 0.53 м YH17907,1,train
Обои флизелиновые Rasch Easy passion бежевые 0.53 м 732061,0,train
Обои флизелиновые Inspire Basic Vertical зелёные 1.06 м IS31002-37,0,train
Обои виниловые Aura Texture World серые 0.53 м 530404,0,train
Обои бумажные York Wallpapher коричневые 0.70 м WH2705,1,train
"Обои ED1016-2, бумажные , цвет розовый, 0.53x10 м",1,train
Обои флизелиновые Rasch Maximum XII бежевые 1.06 м 926934,0,train
Обои виниловые Aura Little England II голубые 0.53 м PR33865,0,train
Обои бумажные Московская обойная фабрика Астра Аврора розовые 235912-5 0.53 м,1,train
Обои виниловые Классика Дамаск синие 0.53 м 10026-66,0,train
Обои бумажные Rasch Bambino 2013 фиолетовые 0.53 м 134391,1,train
Обои бумажные Willberry Детство голубые 0.53 м 1286,1,train
Обои бумажные Брянск Волнафон 1 голубые 0.53 м,1,train
Обои флизелиновые Фокс Граф-2 серые 1.06 м Граф-2 2910,0,train
Обои бумажные Марс 0.53х10.05 м цвет бежевый,1,train
Обои виниловые Aura Little England II розовые 0.53 м PR33852,0,train
Обои флизелиновые Ромашки жёлтые 0.53 м 69-149/4,0,train
Обои флизелиновые Rasch Chatelaine III бежевые 968569 1.06 м,0,train
Обои 0.53х10 м однотон цвет бежевый АС 328274,0,train
Обои бумажные Erismann Lotta 2 белые 0.53 м 7358-09,1,train
Обои флизелиновые Rasch Poetry 2 бежевые 542424 0.53 м,0,train
Обои бумажные Моф EcoStyle 334512-8 0.53 м цвет голубой,1,train
Обои виниловые Aura Little England II розовые 0.53 м PR33857,0,train
Обои флизелиновые Мир Авангард бежевые 1.06 м 11-216-02,0,train
"Обои Serenada ЭР2968-3, на флизелиновой основе, цвет белый, 1.06х10 м",0,train
Обои флизелиновые Индустрия Diadema бежевые 1.06 м 167055-83,0,train
Обои бумажные Роксана серые 0.53 м 25Н-МО,1,train
Обои флизелиновые Vilia Витас бежевые 1.06 м 1340-41,0,train
Обои бумажные Брянск Кофе-2 0.53 м Кофе-2 Х 24 влагост.Обои Брянск,1,train
Обои виниловые Home Color Mozaica бежевые 0.53 м HC11021-12,0,train
Обои флизелиновые Vilia Витас зелёные 1.06 м 1340-71,0,train
Обои флизелиновые Inspire Basic Vertical синие 1.06 м IS31002-16,0,train
Обои флизелиновые Rasch Poetry бежевые 0.53 м 424010,0,train
Обои бумажные Моф EcoStyle 334512-7 0.53 м цвет бирюзовый,1,train
Обои флизелиновые Мир Авангард серые 1.06 м 11-238-04,0,train
Обои флизелиновые Мир Авангард бежевые 1.06 м 11-216-02,0,train
Обои флизелиновые Rasch Gentle Elegance 2016 серые 0.53 м 724202,0,train
Обои виниловые Aura Little England II серые 0.53 м PR33863,0,train
Обои бумажные Этюд бежевые 0.53 м 415-02 С6,1,train
Обои на бумажной основе 0.53х10 м цвет жёлтый Ин 161041-21,0,train
Обои флизелиновые Rasch Gentle Elegance 2016 бежевые 0.53 м 724011,0,train
Обои флизелиновые Цветы серые 1.06 м 0402-5,0,train
Обои флизелиновые Rasch Florentine 2017 бежевые 0.53 м 448887,0,train
Обои флизелиновые Rasch Easy passion бежевые 0.53 м 732061,0,train
Обои бумажные Antonina Vella Silvana коричневые 0.70 м NX3151,1,train
Обои виниловые Aura Little England II коричневые 0.53 м PR33830,0,train
Обои флизелиновые Erismann Peonia розовые 1.06 м 5121-05,0,train
Обои флизелиновые Rasch Seduction 2014 жёлтые 0.53 м 796261,0,train
Обои виниловые Elysium Арабика коричневые 0.53 м 94103,0,train
Обои флизелиновые Палитра «Геометрия» коричневые 0.53х10 м PL11001-22,0,train
Обои флизелиновые Палитра Floris коричневые 0.53 м PL51016-58,0,train
Обои флизелиновые Волны серые 1.06 м 0407-1,0,train
Обои бумажные Московская обойная фабрика Волны бежевые 238862-3 0.53 м,1,train
Обои бумажные Моф EcoStyle жёлтые 0.53 м 239112-2,1,train
Обои бумажные York Small Prints бежевые 0.70 м PR 0110,1,train
Обои флизелиновые Rasch Trianon 2015 серые 0.53 м 513370,0,train
Обои флизелиновые Elysium Шпалеры серые 1.06 м Е67009,0,train
Обои флизелиновые Полосы розовые 1.06 м 0420-5,0,train
Обои флизелиновые Ateliero Leon зелёные 1.06 м 38324-05,0,train
Обои флизелиновые Home Color Serra коричневые HC31052-28 1.06 м,0,train
Обои флизелиновые Rasch Seduction 2014 оранжевые 0.53 м 796629,0,train
Обои флизелиновые Rasch Freundin lll зеленые 464092 0.53 м,0,train
Обои флизелиновые Волны бежевые 1.06 м 0407-5,0,train
Обои виниловые Aura Little England II бежевые 0.53 м PR33817,0,train
Обои виниловые Aura Little England II розовые 0.53 м PR33849,0,train
Обои флизелиновые Палитра «Полосы» бежевые 0.53х10 м PL51005-21,0,train
Обои бумажные Rasch Bambino XVIII жёлтые 0.53 м 249156,1,train
Обои бумажные Феодосия белые 0.53 м 211-01 С11,1,train
"Обои на бумажной основе EcoStyle «Астра 3», 53x10.05 м, цвет бежевый",1,train
Обои флизелиновые Home Color Colorist белые 405-01 1.06 м,0,train
Обои бумажные Rasch Villa Coppenrath II серые 0.53 м 296228,1,train
Обои бумажные York Opal Essence серые 0.70 м JC5998,1,train
Обои флизелиновые Rasch Crispy Paper коричневые 0.53 м 524406,0,train
Обои бумажные Московская Обойная Фабрика Вальс-Бостон бежевые 0.53 м 237112-3,1,train
Обои Вензель 0.53х10 м цвет коричневый АС 324531,0,train
Обои виниловые Elisium Сладости бежевые 0.53 м ЭЛ96621,0,train
Обои флизелиновые Belvinil Диана бежевые 1.06 м 0243-61,0,train
Обои флизелиновые Индустрия Diadema бежевые 1.06 м 167055-83,0,train
"Обои на бумажной основе EcoStyle «Астра 8», 53x10.05 м, цвет бордовый",1,train
Обои флизелиновые Inspire Basic Vertical бежевые 1.06 м IS31002-22,0,train
Обои флизелиновые Rasch Bond Street 2015 коричневые 0.53 м 726220,0,train
Обои флизелиновые Палитра Stone land бежевые 0.53 м N1001-21,0,train
Обои виниловые Цветы белые 0.53 м 0002-6,0,train
Обои бумажные Decoprint Young at Home 0.53 м YH17926,1,train
Обои бумажные Rasch Bambino XVIII розовые 0.53 м 248753,1,train
Обои флизелиновые Rasch Trianon 2015 жёлтые 0.53 м 513530,0,train
Обои флизелиновые Палитра Plaster оранжевые 1.06 м 3101-55,0,train
Обои флизелиновые Палитра «Волны» бежевые 0.53х10 м PL51001-22,0,train
Обои флизелиновые Rasch Black Forest 2016 зелёные 0.53 м 514308,0,train
Обои флизелиновые Rasch Out of Africa коричневые 0.53 м 715170,0,train
Обои флизелиновые Vernissage Tornado коричневые 1.06 м 167100-94,0,train
Обои виниловые Аспект ру Профи бежевые 0.53 м обои,0,train
Обои бумажные Вояж серые 0.53 м С1-МО,1,train
Обои бумажные Rasch Bambino XVIII зелёные 0.53 м 248760,1,train
Обои флизелиновые Гомельобои Георг серые 1.06 м георг21х9,0,train
Обои флизелиновые Rasch Catania серые 1.06 м 929416,0,train
Обои виниловые Aura Texture World красные 0.53 м 510207,0,train
Обои флизелиновые Rasch Gentle Elegance 2016 серые 0.53 м 725797,0,train
Обои флизелиновые Моф Malex design бежевые 1.06 м 4076-3,0,train
Обои бумажные Carlisle Company Aged Elegance бежевые 0.70 м LG3378,1,train
Обои бумажные Carlisle Company Soleil бежевые 0.70 м OL5441,1,train
Обои бумажные Rasch Bambino 2015 бежевые 0.53 м 288407,1,train
Обои виниловые Aura Little England II бежевые 0.53 м PR33835,0,train
Обои виниловые Rasch Palace коричневые 0.53 м 516739,0,train
Обои бумажные Ronald Redding Middlebury зелёные 0.70 м DL0615,1,train
Обои флизелиновые Belvinil Шелк серые 1.06 м 0203-21 (11ЭСБ3),0,train
Обои бумажные Ronald Redding Brocades & Damasks бежевые 0.70 м DM8733,1,train
Обои бумажные Роксана серые 0.53 м 25Н-МО,1,train
"Обои флизелиновые Belvinil Сонет серые 1.06 м Сонет 0238-61 Х 9 флиз Обои ""Belvinil""",0,train
Обои флизелиновые Rasch Trianon 2015 зелёные 0.53 м 512847,0,train
Обои флизелиновые Палитра Stone land бежевые 0.53 м N1001-21,0,train
Обои флизелиновые Vilia Витас серые 1.06 м 1340-61,0,train
Обои флизелиновые Elysium Сон голубые 1.06 м Е45703,0,train
Обои виниловые Палитра Мрамор 0.53х10 м цвет коричневый 1360-24,0,train
Обои флизелиновые Rasch Trianon 2015 бордовые 0.53 м 512878,0,train
Обои флизелиновые Rasch Trianon 2015 серые 0.53 м 513127,0,train
Обои виниловые Aura Texture World коричневые 0.53 м 181704,0,train
Обои флизелиновые Rasch Poetry 0.53 м 425628,0,train
Обои флизелиновые Цветы серые 1.06 м 0402-5,0,train
Обои флизелиновые Rasch Harmony бежевые 1.06 м 948325,0,train
Обои виниловые Палитра Мрамор 0.53х10 м цвет коричневый 1360-24,0,train
Обои флизелиновые Rasch Gentle Elegance 2016 бежевые 0.53 м 724028,0,train
Обои виниловые A.S. Creation Il Decoro бежевые 0.53 м 943082,0,train
Обои флизелиновые Квартал серые 1.06 м 0401-4,0,train
Обои флизелиновые Elysium Фиори коричневые 1.06 м Е69902,0,train
Обои бумажные Моф EcoStyle бежевые 0.53 м 237432-1,1,train
Обои бумажные Моф EcoStyle голубые 0.53 м 238712-6,1,train
Обои флизелиновые Rasch Maximum XVI черные 916553 1.06 м,0,train
Обои флизелиновые A.S. Creation «Кабаре» бежевые 1.06 м 1337-63,0,train
Обои бумажные Московская Обойная Фабрика Вальс-Бостон розовые 0.53 м 237002-3,1,train
Обои бумажные Carlisle Company Aged Elegance II бежевые 0.70 м BW8057,1,train
Обои флизелиновые Rasch Maximum XVI серые 916423 1.06 м,0,train
Обои флизелиновые Rasch Poetry 0.53 м 425628,0,train
Обои бумажные Московская обойная фабрика Волны  238862-2 0.53 м,1,train
Обои флизелиновые Rasch Seduction 2014 серые 0.53 м 796339,0,train
Обои бумажные Erismann Lotta 2 синие 0.53 м 7351-21,1,train
Обои флизелиновые Industry Promo 2 серые 1.06 м 167014-86,0,train
Обои бумажные Georgetown Designs Roses 0.53 м PN0448,1,train
Обои бумажные Rasch Kids&Teens III серые 0.53 м 247503,1,train
Обои бумажные Московская обойная фабрика Азалия серые 238532-5 0.53 м,1,train
Обои флизелиновые Ateliero Volna бежевые 1.06 м 38327-02,0,train
"Обои на бумажной основе EcoStyle «Астра 5», 53x10.05 м, цвет серый",1,train
Обои виниловые Aura Texture World бежевые 0.53 м 181702,0,train
Обои бумажные Ronald Redding Middlebury зелёные 0.70 м DL0615,1,train
Обои виниловые Home Color Ceramica бежевые 0.53 м 510-22,0,train
Обои бумажные Rasch Bambino XVIII серые 0.53 м 249170,1,train
Обои виниловые Elysium Веста бежевые 0.53 м 22701,0,train
Обои виниловые Aura Little England II розовые 0.53 м PR33857,0,train
Обои виниловые Aura Kitchen Story II бежевые 0.53 м KE29921,0,train
Обои флизелиновые Rasch Trianon XI синие 0.53 м 514964,0,train
Обои флизелиновые Rasch Poetry 2 бежевые 542424 0.53 м,0,train
Обои бумажные Московская Обойная Фабрика Вивальди зелёные 0.53 м Вивальди 239112-7,1,train
"Обои на бумажной основе EcoStyle «Франсе 2», 53x10.05 м, цвет бежевый",1,train
Обои бумажные Decoprint Young at Home зелёные 0.53 м YH17938,1,train
Обои флизелиновые Rasch Lazy Sunday II 0.53 м 401141,0,train
Обои флизелиновые Rasch Trianon 2015 коричневые 0.53 м 513486,0,train
Обои флизелиновые Rasch Trianon 2015 белые 0.53 м 513615,0,train
Обои виниловые Elysium Бонжур фиолетовые 903404 0.53 м,0,train
Обои флизелиновые A.S. Creation Metropolitan Stories белые 0.53 м 368961,0,train
Обои виниловые Палитра Bourbon бежевые 0.53 м 1368-12,0,train
Обои флизелиновые Rasch Alla Prima бежевые 1.06 м 958607,0,train
"Обои флизелиновые Belvinil Сонет серые 1.06 м Сонет 0238-71 Х 9 флиз Обои ""Belvinil""",0,train
Обои флизелиновые A.S. Creation Metropolitan Stories серые 0.53 м 369204,0,train
Обои виниловые Melody Полки коричневые 0.53 м 99203,0,train
Обои бумажные Моф EcoStyle синие 0.53 м 332812-6,1,train
Обои флизелиновые Rasch Trianon 2015 синие 0.53 м 513684,0,train
Обои бумажные Antonina Vella Botanica зелёные 0.70 м WH4355X,1,train
Обои флизелиновые Inspire Basic Vertical зелёные 1.06 м IS31002-77,0,train
Обои бумажные Decoprint Young at Home 0.53 м YH17926,1,train
Обои флизелиновые Rasch Catania серые 1.06 м 929416,0,train
Обои виниловые Belvinil Астория бежевые 0.53 м 0161-61х12,0,train
Обои флизелиновые Мир Авангард Catena серые 1.06 м 11-229-04,0,train
Обои флизелиновые Индустрия Diadema бежевые 1.06 м 167055-83,0,train
Обои флизелиновые Rasch Florentine 2017 бежевые 0.53 м 448801,0,train
Обои бумажные Antonina Vella Aviva бежевые 0.70 м AF9513,1,train
Обои виниловые Aura Little England II бежевые 0.53 м PR33817,0,train
"Обои флизелиновые Belvinil Эмили розовые 0.53 м Эмили 0011-81 Х 12 винил Обои ""Belvinil""",0,train
Обои виниловые Палитра Мрамор 0.53х10 м цвет серый 1360-14,0,train
Обои виниловые Elysium Вальс серые 0.53 м 19213,0,train
Обои виниловые Палитра Marmi бежевые 0.53 м HC11018-75,0,train
"Обои флизелиновые Belvinil Сонет серые 1.06 м Сонет 0238-62 Х 9 флиз Обои ""Belvinil""",0,train
Обои флизелиновые Rasch Florentine II оранжевые 0.53 м 448573,0,train
Обои флизелиновые Rasch Trianon 2015 голубые 0.53 м 512960,0,train
Обои флизелиновые Rasch Brooklyn чёрные 0.53 м 773828,0,train
Обои виниловые A.S. Creation Boys & Girls 5 белые 0.53 м 305281,0,train
Обои бумажные Моф Classic бирюзовые 0.53 м 238612-7,1,train
Обои флизелиновые Vernissage Tornado коричневые 1.06 м 167100-94,0,train
Обои бумажные York Opal Essence зелёные 0.53 м JC5913,1,train
Обои флизелиновые Rasch Florentine 2017 бежевые 0.53 м 448887,0,train
Обои флизелиновые AS Creation Metropolitan Stories серые 0.53 м 368997,0,train
Обои флизелиновые Rasch African Queen бежевые 0.53 м 422429,0,train
Обои виниловые Willberry Кухня белые 0.53 м 8490,0,train
Обои виниловые Aura Texture World бежевые 0.53 м 181701,0,train
Обои виниловые Aura Little England II бежевые 0.53 м PR33822,0,train
Обои бумажные Antonina Vella Aviva зелёные 0.70 м AF9509,1,train
Обои флизелиновые Мир Авангард серые 1.06 м 11-238-04,0,train
Обои бумажные A.S. Creation Boys & Girls 6 синие 0.53 м 758484,1,train
Обои флизелиновые Inspire серые 1.06 м 636086,0,train
Обои флизелиновые Волны бежевые 1.06 м 0405-5,0,train
Обои флизелиновые Rasch Aurelia part.1 оранжевые 1.06 м 909449,0,train
Обои виниловые Aura Little England II голубые 0.53 м PR33828,0,train
Обои флизелиновые Гомельобои Георг серые 1.06 м георг21х9,0,train
Обои флизелиновые Rasch Poetry 2 серые 543346 0.53 м,0,train
Обои флизелиновые Вензель белые 1.06 м 1117-22,0,train
Обои флизелиновые Elysium Санфло красные 1.06 м Е28907,0,train
"Обои флизелиновые Belvinil Забава коричневые 1.06 м 0248-61-1,06",0,train
Обои флизелиновые Палитра Colorist белые 3001-01 1.06 м,0,train
Обои виниловые Elysium Санрайз бежевые 0.53 м 902901,0,train
Обои флизелиновые Inspire Basic Vertical фиолетовые 1.06 м IS31002-65,0,train
Обои флизелиновые Rasch Trendspots Vol. 2 0.53 м 896053,0,train
Обои флизелиновые Rasch Harmony серые 1.06 м 948714,0,train
Обои флизелиновые Rasch African Queen серые 0.53 м 422542,0,train
Обои флизелиновые Elysium Шпалеры серые 1.06 м Е67009,0,train
Обои флизелиновые A.S. Creation Metropolitan Stories розовые 0.53 м 368971,0,train
Обои флизелиновые Rasch Maximum XIII коричневые 1.06 м 936827,0,train
Обои флизелиновые Belvinil Однотон серые 1.06 м 0101-21 (11СБ3),0,train
Обои бумажные Московская Обойная Фабрика Эрмитаж коричневые 0.53 м 237912-1,1,train
Обои виниловые Палитра Bourbon коричневые 1369-28 0.53 м,0,train
Обои флизелиновые Палитра Ethno бежевые 1.06 м 3209-22,0,train
Обои бумажные Rasch Piccolo бежевые 0.53 м 270921,1,train
Обои бумажные Antonina Vella Silvana бежевые 0.70 м NX3125,1,train
Обои флизелиновые Индустрия Pirouette белые 1.06 м 167051-80,0,train
Обои бумажные Брянск Яблочный к-2 0.53 м Яблочный к-2 Х 24 бумаж.Обои Брянск,1,train
Обои бумажные Голландия зелёные 0.53 м 25-МО,1,train
Обои виниловые Home Color Jardin бежевые 0.53 м 136-25,0,train
Обои флизелиновые Elysium Санфло серые 1.06 м Е28906,0,train
Обои виниловые Aura Little England II зелёные 0.53 м PR33810,0,train
Обои флизелиновые A.S. Creation WoodnStoneBOf коричневые 0.53 м 307471,0,train
Обои флизелиновые Rasch SM Adeo «Треугольники» зелёные 0.53 м RA 963403,0,train
Обои флизелиновые Elysium Санфло коричневые 1.06 м Е28806,0,train
Обои флизелиновые Belvinil Диана бежевые 1.06 м 0243-61,0,train
Обои бумажные Carlisle Company Peacock Alley жёлтые 0.70 м WN2497,1,train
Обои виниловые Rasch Palace бежевые 0.53 м 516715,0,train
Обои бумажные Московская обойная фабрика Астра Аврора розовые 235912-5 0.53 м,1,train
Обои флизелиновые Rasch Poetry 2 зеленые 547344 0.53 м,0,train
Обои на флизелиновой основе 1.06х10 м вензеля цвет коричневый Gd 8\785\09,0,train
Обои флизелиновые Rasch Poetry фиолетовые 0.53 м 423976,0,train
Обои флизелиновые Rasch Gentle Elegance 2016 серые 0.53 м 725797,0,train
Обои флизелиновые Elysium Сон голубые 1.06 м Е45703,0,train
Обои флизелиновые Индустрия Elements бежевые 1.06 м 167097-84,0,train
Обои бумажные Московская обойная фабрика Цветущий миндаль зеленые 231412-7 0.53 м,1,train
Обои бумажные Ronald Redding Ronald Redding 18 Karat II жёлтые 0.70 м EK4232,1,train
Обои флизелиновые Моф Malex design бежевые 1.06 м 4073-6,0,train
Обои виниловые Ложки серые 0.53 м 2840,0,train
Обои виниловые A.S. Creation Il Decoro серые 0.53 м 607744,0,train
Обои флизелиновые Rasch Maximum XIII бежевые 1.06 м 936803,0,train
Обои виниловые Дакар бежевые 0.53 м обои,0,train
Обои виниловые Elysium Геометрия белые 0.53 м 96902,0,train
Обои виниловые Aura Kitchen Story II серые 0.53 м KE29936,0,train
Обои флизелиновые Elysium Альма бежевые 1.06 м Е28601,0,train
Обои виниловые Aura Little England II голубые 0.53 м PR33864,0,train
Обои виниловые Aura Little England II голубые 0.53 м PR33859,0,train
Обои виниловые Aura Kitchen Story II бежевые 0.53 м KE29901,0,train
Обои флизелиновые Inspire бежевые 1.06 м 636093,0,train
Обои виниловые Rasch Tiles & More XIII 0.53 м 885231,0,train
Обои флизелиновые Ромашки жёлтые 0.53 м 69-149/4,0,train
Обои флизелиновые Вензель серые 1.06 м 1025-22,0,train
Обои бумажные Antonina Vella Sardinia красные 0.70 м SN7433,1,train
Обои бумажные Моф EcoStyle бежевые 0.53 м 233932-1,1,train
Обои флизелиновые Elysium Фиори серые 1.06 м Е69904,0,train
Обои флизелиновые Rasch Gentle Elegance 2016 серые 0.53 м 724202,0,train
Обои бумажные A.S. Creation Boys & Girls 6 серые 0.53 м 691019,1,train
Обои виниловые Классика Дамаск синие 0.53 м 10027-66,0,train
Обои флизелиновые Rasch Poetry 2 зеленые 542462 0.53 м,0,train
Обои флизелиновые Inspire Anna светло коричневые 1.06 м 640250,0,train
Обои флизелиновые Rasch Poetry коричневые 0.53 м 424140,0,train
"Обои на бумажной основе EcoStyle «Марселла 2», 53x10.05 м, цвет бежевый",1,train
Обои бумажные Rasch Kids World синие 0.53 м 203431,1,train
Обои флизелиновые Фокс Граф-2 серые 1.06 м Граф-2 2910,0,train
Обои флизелиновые Aura Memories коричневые 0.53 м G56118,0,train
Обои флизелиновые Rasch Poetry 0.53 м 425635,0,train
Обои флизелиновые Завитки бежевые 1.06 м 1035-61,0,train
Обои виниловые Сафари серые 0.53 м 0628/5,0,train
Обои флизелиновые Home Color Blizzard бежевые 374-21 1.06 м,0,train
Обои флизелиновые Rasch Freundin lll зеленые 466140 0.53 м,0,train
Обои флизелиновые Rasch Trianon 2015 белые 0.53 м 513097,0,train
Обои виниловые Ls 0103-5 ПВ бежевые 1116-5 0.53 м,0,train
Обои флизелиновые Rasch Poetry голубые 0.53 м 424515,0,train
Обои флизелиновые Ateliero Lira коричневые 1.06 м 38343-13,0,train
Обои флизелиновые Elysium Мацури коричневые 1.06 м Е67801,0,train
"Обои на бумажной основе EcoStyle «Марселла 6», 53x10.05 м, цвет бирюзовый",1,train
Обои флизелиновые Elysium Элемент 1.06 м Е76402,0,train
Обои флизелиновые Ateliero Leon белые 1.06 м 38324-02,0,train
Обои флизелиновые Rasch Seduction 2014 голубые 0.53 м 796414,0,train
Обои флизелиновые Rasch Seduction фиолетовые 0.53 м 796360,0,train
Обои флизелиновые Belvinil Городской серые 1.06 м 0164-22,0,train
Обои флизелиновые Rasch Poetry 0.53 м 425628,0,train
Обои флизелиновые Rasch Poetry 2 зеленые 546637 0.53 м,0,train
Обои бумажные Antonina Vella Aviva бежевые 0.70 м AF9513,1,train
"Обои флизелиновые Belvinil Эвия коричневые 1.06 м Эвия 0176-51 Х 9 флиз Обои ""Belvinil""",0,train
Обои бумажные York Disney I розовые 0.70 м DK6110,1,train
Обои виниловые Aura Texture World бежевые 0.53 м 510203,0,train
Обои виниловые Elysium Лимон жёлтые 0.53 м 99300,0,train
Обои бумажные Моф EcoStyle бежевые 0.53 м 239112-3,1,train
Обои флизелиновые Belvinil Сонет серые 1.06 м 0239-21,0,train
Обои флизелиновые Rasch Sky Lounge 2016 бежевые 0.53 м 727913,0,train
Обои виниловые Палитра красные 0.53 м 2368-55,0,train
Обои на флизелиновой основе 1.06х10 м рогожка цвет бежевый Ra 967319,0,train
Обои флизелиновые Rasch Poetry бежевые 0.53 м 424058,0,train
Обои флизелиновые Vilia Витас серые 1.06 м 1340-61,0,train
Обои флизелиновые Rasch Poetry коричневые 0.53 м 424522,0,train
Обои бумажные для детской Girls 0.53х10 м цвет розовый Ra 209600,1,train
Обои флизелиновые Rasch Seduction 2014 оранжевые 0.53 м 796629,0,train
Обои флизелиновые Industry Chloe белые 1.06 м 167094-90,0,train
Обои флизелиновые Rasch Maximum X коричневые 1.06 м 924510,0,train
Обои флизелиновые Belvinil Диана зелёные 1.06 м 0243-71,0,train
Обои виниловые Aura Texture World коричневые 0.53 м 521005,0,train
Обои флизелиновые A.S. Creation Metropolitan Stories серые 0.53 м 368974,0,train
Обои виниловые Палитра Chole бежевые 1363-22 0.53 м,0,train
Обои бумажные для детской Пластинка 0.53х10 м АС 305961,1,train
Обои виниловые Elisium Сладости фон фисташковый 0.53 м ЭЛ903903,0,train
Обои бумажные Московская обойная фабрика Азалия бежевые 238532-2 0.53 м,1,train
Обои бумажные A.S. Creation Boys & Girl синие 0.53 м 340661,1,train
Обои бумажные Rasch Bambino XVIII 0.53 м 531701,1,train
Обои бумажные Rasch Pummeleinhorn 0.53 м 211900,1,train
Обои виниловые Аспект ру Профи бежевые 0.53 м обои,0,train
Обои флизелиновые Мир Авангард бежевые 1.06 м 11-216-03,0,train
Обои бумажные Клетка оранжевые 0.53 м 303-02 Д14,1,train
Обои флизелиновые Палитра Clermont бежевые 0.53 м PL51010-22,0,train
Обои флизелиновые Industry Promo 2 зеленые 1.06 м 167014-85,0,train
Обои флизелиновые Vilia Витас серые 1.06 м 1340-21,0,train
Обои виниловые Ateliero Tandem серые 0.53 м 38340-06,0,train
Обои флизелиновые Индустрия Grace серые 1.06 м 167102-96,0,train
Обои флизелиновые Вензель бежевые 1.06 м 1126-61,0,train
Обои флизелиновые Ateliero Leon белые 1.06 м 38324-01,0,train
"Обои на бумажной основе EcoStyle «Франсе 2», 53x10.05 м, цвет бежевый",1,train
Обои флизелиновые Rasch Trianon 2015 бордовые 0.53 м 512878,0,train
Обои флизелиновые Elysium Альма коричневые 1.06 м Е28607,0,train
Обои виниловые Belvinil Византия серые 0.53 м 0154-21х12,0,train
Обои бумажные Rasch Kids Teens II 0.53 м 292404,1,train
Обои флизелиновые Rasch Trianon 2015 бежевые 0.53 м 512809,0,train
Обои флизелиновые Палитра Colorist белые 3001-01 1.06 м,0,train
Обои виниловые Elysium Веретье бежевые 0.53 м 53203,0,train
Обои флизелиновые Мир Авангард Swirl зелёные 1.06 м 11-152-11,0,train
Обои флизелиновые Палитра Floris бежевые 0.53 м PL51016-22,0,train
Обои флизелиновые Inspire Anna Wave серые 1.06 м 956948,0,train
Обои флизелиновые Rasch Poetry красные 0.53 м 423952,0,train
Обои бумажные Carlisle Company Peacock Alley коричневые 0.70 м CL0967,1,train
Обои бумажные Antonina Vella Murano бежевые 0.70 м MR4966,1,train
Обои флизелиновые Rasch Maximum XII бежевые 1.06 м 926934,0,train
Обои бумажные York Opal Essence зелёные 0.53 м JC5913,1,train
Обои бумажные Моф EcoStyle бежевые 0.53 м 237432-1,1,train
Обои бумажные Decoprint Young at Home 0.53 м YH17927,1,train
Обои флизелиновые Мир Авангард Nova серые 1.06 м 11-252-03,0,train
Обои бумажные Antonina Vella Portofino коричневые 0.70 м HB3803,1,train
Обои флизелиновые Rasch Maximum XII бежевые 1.06 м 926934,0,train
Обои флизелиновые Home Color Flow зеленые HC31072-47 1.06 м,0,train
Обои флизелиновые Belvinil Завиток Завиток фон 0226-42 Х 9 красные,0,train
Обои виниловые Home Color Mozaica бежевые 0.53 м HC11021-12,0,train
Обои флизелиновые Мир Авангард зелёные 1.06 м 11-216-07,0,train
Обои виниловые Aura Little England II голубые 0.53 м PR33814,0,train
Обои бумажные York Opal Essence бежевые 0.53 м JC5911,1,train
Обои виниловые Классика Дамаск синие 0.53 м 10026-66,0,train
Обои флизелиновые Rasch Freundin lll бежевые 464047 0.53 м,0,train
Обои флизелиновые Inspire Anna светло коричневые 1.06 м 640250,0,train
Обои флизелиновые А.С. И Палитра Салют 1.06 м 35005-21,0,train
Обои бумажные Марс 0.53х10.05 м цвет голубой,1,train
Обои бумажные Моф EcoStyle бежевые 0.53 м 238712-3,1,train
"Обои ED1016-2, бумажные , цвет розовый, 0.53x10 м",1,train
Обои флизелиновые A.S. Creation Metropolitan Stories чёрные 0.53 м 368993,0,train
Обои флизелиновые Industry Promo 2 розовые 1.06 м 167014-83,0,train
Обои виниловые Home Color Lancaster бежевые 0.53 м HC11010-12,0,train
Обои виниловые Классика Дамаск синие 0.53 м 10027-66,0,train
Обои флизелиновые Аспект 1.06 м бежевые 33005-18,0,train
Обои флизелиновые Vilia Витас серые 1.06 м 1339-61,0,train
Обои флизелиновые Belvinil Диана зелёные 1.06 м 0244-71х9,0,train
Обои бумажные 0.53х10.05 м цветы цвет бежевый МОФ 233922-4,1,train
Обои на флизелиновой основе 1 06х10 м фон красный Эл Е74406,0,train
Обои флизелиновые Rasch Seduction 2014 голубые 0.53 м 796414,0,train
"Обои Kvadro однотонные 103203, 1.06x10 м, виниловые на флизелиновой основе, цвет серый",0,train
Обои флизелиновые Rasch Chatelaine III бежевые 925876 1.06 м,0,train
"Обои «Яблоки 1», виниловые на бумажной основе, цвет , 0.53Х10.5 м",0,train
Обои флизелиновые Rasch Poetry оранжевые 0.53 м 424003,0,train
Обои флизелиновые Vilia Витас голубые 1.06 м 1339-91,0,train
Обои флизелиновые Rasch Gentle Elegance 2016 бежевые 0.53 м 725711,0,train
Обои виниловые Aura Little England II белые 0.53 м PR33841,0,train
Обои бумажные Моф EcoStyle бежевые 0.53 м 230212-2,1,train
Обои виниловые Aura Little England II бежевые 0.53 м PR33844,0,train
Обои бумажные Georgetown Designs Roses розовые 0.70 м PN0442,1,train
Обои флизелиновые Rasch Catania серые 1.06 м 929416,0,train
Обои бумажные Моф EcoStyle 334512-7 0.53 м цвет бирюзовый,1,train
Обои флизелиновые Home Color Serra бежевые HC31051-14 1.06 м,0,train
Обои бумажные Моф EcoStyle бежевые 0.53 м 233012-1,1,train
Обои флизелиновые Rasch Trianon 2015 бордовые 0.53 м 513479,0,train
Обои бумажные Antonina Vella Portofino коричневые 0.70 м VX2200,1,train
Обои виниловые Палитра Marmi бежевые 0.53 м HC11018-75,0,train
Обои флизелиновые Rasch Trianon 2015 серые 0.53 м 513158,0,train
Обои флизелиновые Elysium Аврора серые 1.06 м Е71010,0,train
Обои флизелиновые Rasch Out of Africa коричневые 0.53 м 715170,0,train
Обои флизелиновые Elysium Шпалеры серые 1.06 м Е67009,0,train
Обои бумажные St.James Sneakers красные 0.53 м KZ4253,1,train
Обои флизелиновые Палитра Floris бежевые 0.53 м PL51015-22,0,train
Обои флизелиновые Rasch Sky Lounge 2016 бежевые 0.53 м 727418,0,train
Обои флизелиновые Rasch Bond Street 2015 коричневые 0.53 м 726220,0,train
Обои флизелиновые Industry Promo 2 розовые 1.06 м 167014-83,0,train
Обои флизелиновые Vernissage Tornado белые 1.06 м 167101-80,0,train
Обои на бумажной основе 0.53х10 м цвет жёлтый Ин 161041-21,0,train
Обои бумажные A.S. Creation Boys & Girls 6 синие 0.53 м 758484,1,train
Обои флизелиновые Rasch Poetry коричневые 0.53 м 424140,0,train
Обои флизелиновые Мир Авангард Catena серые 1.06 м 11-229-04,0,train
Обои флизелиновые A.S. Creation Metropolitan Stories чёрные 0.53 м 368993,0,train
Обои флизелиновые Vilia Витас голубые 1.06 м 1339-91,0,train
Обои бумажные Rasch Bambino XVIII бежевые 0.53 м 249446,1,train
Обои бумажные Московская обойная фабрика Волны  238862-2 0.53 м,1,train
Обои флизелиновые Belvinil Завиток Завиток фон 0226-42 Х 9 красные,0,train
Обои бумажные York Opal Essence розовые 0.53 м JC6034,1,train
Обои бумажные Московская обойная фабрика Астра Аврора бежевые 235912-4 0.53 м,1,train
Обои бумажные Georgetown Designs Roses 0.53 м PN0448,1,train
Обои виниловые Aura Texture World фиолетовые 0.53 м 530506,0,train
Обои флизелиновые Rasch Sky Lounge 2016 жёлтые 0.53 м 727227,0,train
Обои флизелиновые Rasch b.b home passion V белые 0.53 м 479720,0,train
Обои флизелиновые Belvinil Амаретто серые 1.06 м 0173-22,0,train
Обои флизелиновые Rasch Trianon 2015 бежевые 0.53 м 513196,0,train
Обои бумажные Decoprint Young at Home 0.53 м YH17925,1,train
Обои флизелиновые Belvinil Астория серые 1.06 м 0162-21,0,train
Обои флизелиновые Vilia Витас бежевые 1.06 м 1339-62,0,train
Обои виниловые Aura Kitchen Story II серые 0.53 м KE29943,0,train
Обои флизелиновые Rasch Gentle Elegance 2016 коричневые 0.53 м 725162,0,train
Обои флизелиновые Elysium Милонга розовые 1.06 м Е75005,0,train
Обои флизелиновые Elysium Аврора белые 1.06 м Е71009,0,train
Обои бумажные Ronald Redding Archives розовые 0.70 м DV3783,1,train
"Обои VV31047-21, на флизелиновой основе, цвет бежевый, 1.06х10 м",0,train
"Обои флизелиновые Belvinil Забава розовые 1.06 м 0248-31-1,06",0,train
Обои флизелиновые Rasch Trianon 2015 бежевые 0.53 м 513493,0,train
Обои виниловые Палитра Мрамор 0.53х10 м цвет бежевый 1360-12,0,train
Обои виниловые Melody Арома 0.53 м 904003,0,train
Обои бумажные Лайт бежевые 0.53 м 228-01 Д12,1,train
Обои виниловые Elysium Санрайз бежевые 0.53 м 902900,0,train
Обои флизелиновые Inspire Basic Vertical зелёные 1.06 м IS31002-37,0,train
Обои флизелиновые Home Color Serra коричневые HC31052-28 1.06 м,0,train
Обои виниловые Aura Texture World серые 0.53 м 521007,0,train
Обои флизелиновые Rasch Poetry синие 0.53 м 423945,0,train
Обои флизелиновые Rasch Trianon 2015 бежевые 0.53 м 513608,0,train
Обои флизелиновые Belvinil Городской серые 1.06 м 0164-22,0,train
Обои флизелиновые Rasch Gentle Elegance 2016 бежевые 0.53 м 725711,0,train
Обои флизелиновые Rasch Sky Lounge 2016 коричневые 0.53 м 727654,0,train
Обои флизелиновые Мир Авангард серые 1.06 м 11-238-04,0,train
Обои флизелиновые Мир Авангард зелёные 1.06 м 11-216-07,0,train
Обои бумажные Willberry Детство зелёные 0.53 м 3636,1,train
Обои флизелиновые A.S. Creation «Кабаре» бежевые 1.06 м 1338-63,0,train
Обои бумажные Ronald Redding Middlebury зелёные 0.70 м DL0615,1,train
Обои бумажные Antonina Vella Verona II чёрные 0.70 м VV5824,1,train
Обои флизелиновые Rasch African Queen бежевые 0.53 м 422368,0,train
Обои виниловые Elisium Сладости фисташковые 0.53 м ЭЛ96623,0,train
Обои флизелиновые Rasch Deco Chic 2015 зелёные 0.53 м 728781,0,train
Обои виниловые 0.53х10 м соты цвет чёрно-белый RA 861907,0,train
Обои бумажные Брянск Классик к4 коричневые 0.53 м,1,train
Обои флизелиновые Палитра «Геометрия» коричневые 0.53х10 м PL11001-22,0,train
Обои виниловые Aura Texture World бежевые 0.53 м H2990201,0,train
"Обои флизелиновые Belvinil Забава серые 1.06 м 0248-21-1,06",0,train
Обои флизелиновые Elysium Танго бежевые 1.06 м Е15301,0,train
Обои флизелиновые «Камень» бежевые 0.53х10 м AS9142-17,0,train
Обои бумажные Rasch Bambino XVIII 0.53 м 249743,1,train
Обои флизелиновые Rasch Trianon 2015 жёлтые 0.53 м 513530,0,train
Обои флизелиновые Rasch Poetry 0.53 м 424126,0,train
Обои флизелиновые Elysium Сон голубые 1.06 м Е45703,0,train
Обои флизелиновые Sonet Венто коричневые 1.06 м Е28004,0,train
Обои виниловые Aura Kitchen Story II голубые 0.53 м KE29941,0,train
Обои флизелиновые Rasch Poetry 2 бежевые 542769 0.53 м,0,train
Обои флизелиновые A.S. Creation Metropolitan Stories серые 0.53 м 368998,0,train
Обои бумажные для детской Птицы 0.53х10.05 м цвет розовый,1,train
Обои бумажные Московская обойная фабрика Цветущий миндаль розовые 231412-2 0.53 м,1,train
Обои бумажные Rasch Bambino XVIII зелёные 0.53 м 248760,1,train
Обои флизелиновые Rasch African Queen коричневые 0.53 м 422412,0,train
Обои виниловые Aura Little England II коричневые 0.53 м PR33830,0,train
Обои флизелиновые Мир Авангард Swirl бежевые 1.06 м 11-152-08,0,test
Обои флизелиновые A.S. Creation Metropolitan Stories серые 0.53 м 369202,0,test
Обои флизелиновые Belvinil Игрушки жёлтые 1.06 м 0260-52х9,0,test
Обои флизелиновые Мир Авангард серые 1.06 м 11-238-04,0,test
Обои флизелиновые A.S. Creation Metropolitan Stories бежевые 0.53 м 368992,0,test
Обои флизелиновые Inspire Basic Vertical фиолетовые 1.06 м IS31002-65,0,test
Обои флизелиновые Мир Авангард Catena серые 1.06 м 11-228-03,0,test
Обои флизелиновые Inspire Anna чёрные 1.06 м 640236,0,test
Обои бумажные Rasch Villa Coppenrath II бежевые 0.53 м 296303,1,test
Обои флизелиновые Rasch Poetry бежевые 0.53 м 424904,0,test
Обои бумажные York Opal Essence бежевые 0.70 м JC5992,1,test
Обои бумажные Детство зелёные 0.53 м 1197,1,test
Обои флизелиновые Inspire Basic Vertical белые 1.06 м IS31002-11,0,test
Обои флизелиновые Rasch Alla Prima бежевые 1.06 м 958614,0,test
Обои бумажные Моф EcoStyle коричневые 0.53 м 239362-3,1,test
Обои бумажные Моф EcoStyle 334512-7 0.53 м цвет бирюзовый,1,test
Обои флизелиновые Rasch Florentine 2017 фиолетовые 0.53 м 448849,0,test
Обои флизелиновые Rasch Out of Africa 2012 серые 0.53 м 715255,0,test
Обои виниловые Классика Дамаск белые 0.53 м 10026-14,0,test
Обои флизелиновые Rasch Chatelaine III бежевые 925883 1.06 м,0,test
Обои флизелиновые Rasch Esplanade бежевые 0.70 м 921304,0,test
Обои флизелиновые Belvinil Однотон бежевые 1.06 м 0101-63 (11СБ3),0,test
Обои бумажные Rasch Bambino XVIII серые 0.53 м 249439,1,test
Обои флизелиновые Rasch Poetry 2 красные 542455 0.53 м,0,test
Обои виниловые Aura Little England II бежевые 0.53 м PR33858,0,test
Обои флизелиновые Мир Авангард Nova серые 1.06 м 11-252-03,0,test
Обои бумажные Rasch Kids World синие 0.53 м 203431,1,test
Обои виниловые Кирпичи серые 0.53 м 317 11,0,test
Обои флизелиновые A.S. Creation WoodnStoneBOf коричневые 0.53 м 307471,0,test
Обои бумажные Rasch Bambino XVIII бежевые 0.53 м 249347,1,test
Обои флизелиновые Монограмма бежевые 0.53 м 85-330/4,0,test
Обои виниловые Aura Little England II розовые 0.53 м PR33848,0,test
Обои бумажные York Opal Essence серые 0.53 м JC6032,1,test
Обои флизелиновые Rasch Gentle Elegance 2016 бежевые 0.53 м 725643,0,test
"Обои Inspire «Бетон» ЭР3, флизелиновые, цвет тёмно-серый, 0.53х10 м",0,test
Обои бумажные Georgetown Designs Roses фиолетовые 0.70 м PN0400,1,test
Обои виниловые Aura Little England II бежевые 0.53 м PR33835,0,test
Обои флизелиновые Rasch Harmony зелёные 1.06 м 948004,0,test
Обои флизелиновые Elysium Сон голубые 1.06 м Е45703,0,test
Обои бумажные York Opal Essence коричневые 0.53 м JC5915,1,test
Обои виниловые Melody Арома 0.53 м 904003,0,test
Обои бумажные Erismann Lotta 2 зелёные 0.53 м 7359-07,1,test
Обои виниловые Aura Texture World серые 0.53 м 530106,0,test
Обои флизелиновые Rasch Gentle Elegance 2016 коричневые 0.53 м 724066,0,test
Обои флизелиновые Rasch Gentle Elegance 2016 бежевые 0.53 м 724011,0,test
Обои виниловые Home Color Marmi красные HC11018-15 0.53 м,0,test
Обои флизелиновые Ateliero Pola серые 1.06 м 38347-01,0,test
Обои виниловые Home Color Jardin бежевые 0.53 м 136-25,0,test
Обои флизелиновые Мир Авангард Swirl бежевые 1.06 м 11-152-08,0,test
Обои бумажные York Gentle Manor фиолетовые 0.70 м GG4702,1,test
Обои бумажные Graham & Brown Drama чёрные 0.53 м DA 56503,1,test
Обои виниловые Home Color Lancaster коричневые HC11010-28 0.53 м,0,test
Обои флизелиновые Rasch Poetry бежевые 0.53 м 423914,0,test
Обои бумажные Antonina Vella La Rosa TV бежевые 0.70 м TV 2865,1,test
Обои виниловые Rasch Tiles & More XIII серые 0.53 м 888317,0,test
Обои виниловые Melody Арома коричневые 0.53 м 904106,0,test
Обои флизелиновые Rasch Poetry красные 0.53 м 423952,0,test
Обои бумажные Моф EcoStyle бежевые 0.53 м 238912-1,1,test
Обои бумажные Московская Обойная Фабрика Эрмитаж коричневые 0.53 м 237912-1,1,test
Обои флизелиновые Industry Promo 2 розовые 1.06 м 167014-83,0,test
Обои виниловые Классика Дамаск белые 0.53 м 10026-14,0,test
Обои бумажные Carlisle Company Soleil бежевые 0.70 м OL5441,1,test
Обои флизелиновые Rasch Gentle Elegance 2016 зелёные 0.53 м 725186,0,test
Обои флизелиновые Belvinil Амаретто серые 1.06 м 0174-22х9,0,test
Обои флизелиновые Erismann Peonia розовые 1.06 м 5123-05,0,test
Обои бумажные Московская Обойная Фабрика Лондон серые 0.53 м 271242-3,1,test
Обои бумажные Decoprint Young at Home красные 0.53 м YH17946,1,test
Обои флизелиновые Rasch Poetry серые 0.53 м 425529,0,test
Обои флизелиновые Belvinil Лофт 1.06 м 0179-72,0,test
Обои виниловые Aura Little England II фиолетовые 0.53 м PR33850,0,test
Обои бумажные Antonina Vella Sardinia красные 0.70 м SN7433,1,test
Обои флизелиновые Rasch Seduction 2014 оранжевые 0.53 м 796223,0,test
Обои бумажные гофрированные Кирпичики 0.53х10 м цвет тёмно-серый 19,1,test
Обои бумажные Rasch Bambino 2015 бежевые 0.53 м 287745,1,test
Обои виниловые Vilia Луиза бежевые 0.53 м 1191-62х12,0,test
Обои флизелиновые Rasch African Queen серые 0.53 м 422306,0,test
Обои флизелиновые Вензель бежевые 1.06 м 1025-61,0,test
Обои флизелиновые Rasch Gentle Elegance 2016 коричневые 0.53 м 725667,0,test
Обои виниловые Палитра Bourbon серые 0.53 м 1369-14,0,test
Обои флизелиновые Rasch Poetry бежевые 0.53 м 424034,0,test
Обои бумажные Моф EcoStyle 237312-7 0.53 м цвет зеленый,1,test
Обои флизелиновые Rasch Florentine 2017 бежевые 0.53 м 448870,0,test
Обои флизелиновые Rasch Poetry 2 серые 546613 0.53 м,0,test
Обои флизелиновые Elysium Элемент бежевые 1.06 м Е76401,0,test
Обои бумажные Клетка зелёные 0.53 м 303-04 Д14,1,test
Обои флизелиновые Rasch Trianon 2015 серые 0.53 м 513462,0,test
Обои флизелиновые Home Color Spidey бежевые 1.06 м 350-21,0,test
Обои флизелиновые Did Манифесто бежевые 1.06 м 3003-2,0,test
Обои виниловые Vilia Луиза белые 0.53 м 1189-21х12,0,test
Обои бумажные Rasch Bambino XVIII бежевые 0.53 м 249347,1,test
Обои флизелиновые Home Color Colorist белые 413-01 1.06 м,0,test
Обои бумажные Rasch Selection белые 0.53 м 946703,1,test
Обои флизелиновые Фокс Граф-2 серые 1.06 м Граф-2 2910,0,test
Обои бумажные J.Chesterfield Damask Resource жёлтые 0.70 м DA2407,1,test
Обои бумажные 0.53х10 м имитация цвет рыжий АС 335483,0,test
Обои бумажные Моф EcoStyle бежевые 0.53 м 233012-1,1,test
Обои флизелиновые Rasch Poetry синие 0.53 м 423983,0,test
Обои флизелиновые Rasch Freundin зелёные 0.53 м 441000,0,test
Обои бумажные Московская Обойная Фабрика Эрмитаж серые 0.53 м 237912-2,1,test
Обои виниловые Vilia Луиза белые 0.53 м 1191-11х12,0,test
Обои флизелиновые Rasch Poetry 0.53 м 424126,0,test
Обои бумажные Московская Обойная Фабрика Лондон серые 0.53 м 372412-3,1,test
Обои флизелиновые Rasch Trianon 2015 зелёные 0.53 м 513448,0,test
Обои флизелиновые Rasch Trianon 2015 бордовые 0.53 м 513677,0,test
Обои бумажные York Opal Essence бежевые 0.53 м JC5911,1,test
Обои флизелиновые Inspire Basic Vertical зелёные 1.06 м IS31002-77,0,test
Обои флизелиновые Rasch Poetry розовые 0.53 м 424065,0,test
Обои виниловые Плитка серые 0.53 м 0217-5,0,test
Обои флизелиновые Vernissage Шарли белые 1.06 м 167044-86,0,test
Обои виниловые Aura Little England II белые 0.53 м PR33841,0,test
Обои флизелиновые Willberry Фиори бежевые 1.06 м 3574,0,test
Обои бумажные Georgetown Designs Roses зелёные 0.53 м PN0451,1,test
Обои флизелиновые Rasch Poetry фиолетовые 0.53 м 423976,0,test
Обои виниловые Rasch Tiles & More XIII серые 0.53 м 888317,0,test
Обои флизелиновые Ateliero Leon белые 1.06 м 38324-01,0,test
Обои виниловые Палитра Small Tile бежевые 0.53 м 1357-21,0,test
Обои флизелиновые Полосы серые 1.06 м 0420-2,0,test
Обои виниловые Ls Челси серые 1116-3 0.53 м,0,test
Обои виниловые Vilia Луиза коричневые 0.53 м 1189-61х12,0,test
Обои флизелиновые Elysium Котильон белые 1.06 м Е45101,0,test
Обои флизелиновые Rasch Gentle Elegance 2016 бежевые 0.53 м 725742,0,test
Обои бумажные Rasch Bambino 2015 бежевые 0.53 м 287745,1,test
Обои флизелиновые Rasch Sky Lounge 2016 оранжевые 0.53 м 727425,0,test
Обои бумажные Rasch Bambino 2015 голубые 0.53 м 288711,1,test
Обои виниловые Aura Kitchen Story II бежевые 0.53 м KE29901,0,test
Обои флизелиновые Elysium Шпалеры серые 1.06 м Е67009,0,test
Обои флизелиновые Rasch Alla Prima бежевые 1.06 м 959918,0,test
Обои флизелиновые Rasch Trianon 2015 белые 0.53 м 513615,0,test
Обои бумажные Голландия 0.53 м 25-МО,1,test
Обои Вензель 0.53х10 м цвет коричневый АС 324531,0,test
Обои виниловые Aura Little England II голубые 0.53 м PR33846,0,test
Обои виниловые Aura Little England II зелёные 0.53 м PR33867,0,test
"Обои на флизелиновой основе Rasch RA734805, 0.53х10 м",0,test
Обои флизелиновые Rasch Trianon 2015 серые 0.53 м 513110,0,test
"Обои флизелиновые Belvinil Эвия коричневые 1.06 м Эвия 0176-51 Х 9 флиз Обои ""Belvinil""",0,test
Обои бумажные Rasch Kids Teens II 0.53 м 292404,1,test
"Обои Kvadro «Геометрия» 140503, 1.06x10 м, виниловые на флизелиновой основе, цвет золотой",0,test
Обои бумажные Ronald Redding Middlebury зелёные 0.70 м DL0615,1,test
Обои бумажные Соблазн белые 0.53 м 23-41 Д15,1,test
Обои бумажные Моф EcoStyle бежевые 0.53 м 231462-2,1,test
"Обои «Яблоки 1», виниловые на бумажной основе, цвет , 0.53Х10.5 м",0,test
Обои виниловые Rasch Palace коричневые 0.53 м 516739,0,test
Обои флизелиновые Rasch Maximum X жёлтые 1.06 м 924428,0,test
Обои флизелиновые Rasch Alla Prima серые 1.06 м 960037,0,test
Обои виниловые Erismann Ceramica серые 0.53 м 1365-6,0,test
Обои флизелиновые Elysium Элемент коричневые 1.06 м Е76403,0,test
Обои виниловые Home Color Mozaica серые HC11021-14 0.53 м,0,test
Обои флизелиновые Rasch Aurelia part.1 оранжевые 1.06 м 909449,0,test
Обои флизелиновые Полосы розовые 1.06 м 0420-5,0,test
Обои флизелиновые Rasch Bond Street 2015 серые 0.53 м 726510,0,test
Обои флизелиновые Industry Promo 2 розовые 1.06 м 167014-83,0,test
Обои флизелиновые Rasch Maximum X жёлтые 1.06 м 924428,0,test
Обои флизелиновые Rasch Kids & Teens III «Aloha» 0.53 м RA 815238,0,test
Обои флизелиновые Rasch Trianon 2015 серые 0.53 м 513424,0,test
"Обои флизелиновые МИР Звёзды, цвет голубой, 0.53x10 м 24-251-02",0,test
Обои флизелиновые Rasch Trianon 2015 жёлтые 0.53 м 513332,0,test
Обои флизелиновые Палитра Floris серые 0.53 м PL51016-14,0,test
Обои флизелиновые Rasch Cato чёрные 0.53 м 800807,0,test
Обои бумажные для детской 0.53х10 м однотон цвет нежно-розовый Ra 247435,1,test
Обои флизелиновые Rasch Passepartout серые 0.53 м 606690,0,test
Обои виниловые Erismann Symphonie жёлтые 0.53 м 1667-3,0,test
Обои флизелиновые Rasch Poetry 2 зеленые 547344 0.53 м,0,test
Обои виниловые Aura Little England II серые 0.53 м PR33851,0,test
Обои флизелиновые Rasch Trianon 2015 зелёные 0.53 м 513646,0,test
Обои флизелиновые Erismann Tweed жёлтые 1.06 м 2354-2,0,test
Обои бумажные Моф EcoStyle коричневые 0.53 м 239322-4,1,test
Обои флизелиновые Home Color Flame зелёные 1.06 м 362-77,0,test
Обои бумажные York Disney I чёрные 0.53 м DK6118,1,test
Обои виниловые Aura Texture World оранжевые 0.53 м 780707,0,test
Обои бумажные Московская Обойная Фабрика Винтаж бежевые 0.53 м 233922-3,1,test
Обои виниловые Aura Little England II розовые 0.53 м PR33861,0,test
Обои бумажные Моф EcoStyle бежевые 0.53 м 238532-1,1,test
Обои флизелиновые Rasch Chatelaine III зеленые 968538 1.06 м,0,test
Обои бумажные Брянск Грация-10 0.53 м Грация-10 Х 24 бумаж.Обои Брянск,1,test
Обои виниловые Ateliero Tandem серые 0.53 м 38340-06,0,test
Обои бумажные Decoprint Young at Home 0.53 м YH17952,1,test
Обои бумажные Rasch Kids & Teens зеленые 247459 0.53 м,1,test
Обои флизелиновые Волны бежевые 1.06 м 0407-5,0,test
Обои флизелиновые Ateliero Volna серые 1.06 м 38327-06,0,test
Обои флизелиновые Вензель серые 1.06 м 1116-21,0,test
Обои флизелиновые Вензель серые 1.06 м 1116-22,0,test
"Обои флизелиновые Belvinil Ваниль 1.06 м Ваниль 0183-81 Х 9 флиз Обои ""Belvinil""",0,test
Обои флизелиновые Industry Grace серые 1.06 м 167103-86,0,test
Обои флизелиновые HOME COLOR Losa бежевые HC31074-28 1.06 м,0,test
Обои флизелиновые Rasch Alla Prima серые 1.06 м 959949,0,test
Обои виниловые Сафари кремовые 0.53 м 0628/1,0,test
Обои флизелиновые Палитра Сhintz бежевые 1.06 м 3242-21,0,test
Обои флизелиновые Индустрия Diadema серые 1.06 м 167054-96,0,test
Обои флизелиновые Inspire Basic Vertical синие 1.06 м IS31002-16,0,test
Обои флизелиновые Монограмма белые 0.53 м 85-309/4 (С),0,test
Обои флизелиновые A.S. Creation Metropolitan Stories серые 0.53 м 368973,0,test
Обои виниловые Aura Little England II голубые 0.53 м PR33826,0,test
Обои флизелиновые Мир Авангард Catena белые 1.06 м 11-228-04,0,test
Обои флизелиновые Belvinil Однотон бежевые 1.06 м 0101-63 (11СБ3),0,test
Обои флизелиновые Rasch Trianon 2015 коричневые 0.53 м 513486,0,test
"Обои флизелиновые Belvinil Сонет серые 1.06 м Сонет 0238-71 Х 9 флиз Обои ""Belvinil""",0,test
Обои виниловые Артекс Timisu зелёные 0.53 м 30001-03,0,test
Обои виниловые Erismann Symphonie серые 0.53 м 1668-3,0,test
Обои флизелиновые Rasch Catania бежевые 1.06 м 928938,0,test
Обои флизелиновые Elysium Чили бежевые 1.06 м Е75702,0,test
Обои флизелиновые Rasch Poetry 0.53 м 424942,0,test
Обои бумажные York Opal Essence зелёные 0.53 м JC5973,1,test
Обои виниловые Home Color Marmi синие HC11018-16 0.53 м,0,test
Обои флизелиновые Палитра Floris коричневые 0.53 м PL51015-58,0,test
Обои бумажные Rasch Bambino XVIII розовые 0.53 м 249149,1,test
"Обои на бумажной основе EcoStyle «Жуи 5», 53x10.05 м, цвет серый",1,test
Обои виниловые Vilia Луиза белые 0.53 м 1191-11х12,0,test
Обои флизелиновые Belvinil Шелк бежевые 1.06 м 0203-61 (11ЭСБ3),0,test
Обои флизелиновые Rasch Florentine 2017 бежевые 0.53 м 448801,0,test
"Обои флизелиновые Belvinil Джерси розовые 1.06 м Джерси 0150-61 Х 9 флиз Обои ""Belvinil""",0,test
Обои виниловые Elysium Санрайз бежевые 0.53 м 902901,0,test
Обои флизелиновые Inspire чёрные 1.06 м 636079,0,test
"Обои Kvadro «Геометрия» 140503, 1.06x10 м, виниловые на флизелиновой основе, цвет золотой",0,test
Обои флизелиновые Rasch Poetry 2 бежевые 545418 0.53 м,0,test
Обои виниловые Aura Kitchen Story II 0.53 м KE29940,0,test
Обои флизелиновые Rasch Freundin lll зеленые 464092 0.53 м,0,test
Обои на бумажной основе 0.53х10 м цвет зелёный АСПал 10054-24,0,test
Обои флизелиновые Rasch Emocion 2013 зелёные 0.53 м 776058,0,test
Обои флизелиновые Inspire Anna Wave серые 1.06 м 956948,0,test
Обои бумажные Rasch Bambino 2015 фиолетовые 0.53 м 288223,1,test
Обои флизелиновые Rasch Poetry 2 бежевые 546606 0.53 м,0,test
Обои флизелиновые Wallberry Элизабет серые 1.06 м 40819,0,test
Обои бумажные Московская Обойная Фабрика Лондон серые 0.53 м 372412-3,1,test
Обои флизелиновые Home Color Cliff бежевые 375-22 1.06 м,0,test
Обои виниловые Плитка зелёные 0.53 м 0217-3,0,test
Обои флизелиновые Rasch Sky Lounge 2016 белые 0.53 м 727203,0,test
Обои флизелиновые Фокс Граф-2 серые 1.06 м Граф-2 2910,0,test
Обои флизелиновые Rasch Alla Prima серые 1.06 м 959901,0,test
Обои флизелиновые Rasch Selection Relief Vlies зелёные 0.53 м 701722,0,test
Обои бумажные A.S. Creation Boys & Girls 6 0.53 м 955961,1,test
Обои бумажные Rasch Piccolo голубые 0.53 м 271348,1,test
Обои флизелиновые Rasch Fabulous Velvet 2012 серые 0.53 м 765069,0,test
Обои виниловые Плитка бежевые 0.53 м 0217-2,0,test
Обои виниловые Aura Kitchen Story II серые 0.53 м KE29919,0,test
Обои на флизелиновой основе 1.06х10 м рисунок цвет коричневый Mb 98414,0,test
Обои бумажные Моф EcoStyle белые 0.53 м 235912-1,1,test
Обои бумажные Antonina Vella Operetta II коричневые 0.70 м ОR3581,1,test
Обои виниловые с эффектом окрашенных стен оранжевые 0.53 м 2169-52,0,test
Обои флизелиновые Belvinil Византия красные 0154-42 Х 9 1.06 м,0,test
Обои флизелиновые Rasch b.b home passion V коричневые 0.53 м 479614,0,test
Обои флизелиновые Rasch Poetry серые 0.53 м 425536,0,test
Обои флизелиновые Rasch Emocion 2013 серые 0.53 м 776034,0,test
Обои бумажные Rasch Piccolo розовые 0.53 м 271317,1,test
Обои бумажные Вояж серые 0.53 м С1-МО,1,test
Обои бумажные York Disney I чёрные 0.53 м DK6118,1,test
Обои флизелиновые Палитра Ethno бежевые 1.06 м 3209-22,0,test
Обои флизелиновые Rasch Easy Passion бежевые 0.53 м 731545,0,test
Обои виниловые Melody Арома 0.53 м 904001,0,test
Обои бумажные Antonina Vella Aviva зелёные 0.70 м AF9509,1,test
Обои бумажные Московская обойная фабрика Цветущий миндаль розовые 231412-2 0.53 м,1,test
Обои флизелиновые Belvinil Лофт 1.06 м 0179-72,0,test
Обои виниловые Vernissage Кора Дерева бежевые 0.53 м 16122-23,0,test
Обои виниловые Home Color Sahara бежевые 0.53 м 196-28,0,test
Обои флизелиновые Vilia Витас бежевые 1.06 м 1340-62,0,test
Обои флизелиновые Home Color Matrix бежевые HC31066-22 1.06 м,0,test
Обои флизелиновые Rasch Gentle Elegance 2016 коричневые 0.53 м 724066,0,test
Обои флизелиновые Rasch Maximum XIII коричневые 1.06 м 936827,0,test
Обои бумажные Ronald Redding Brocades & Damasks бежевые 0.70 м DM8733,1,test
Обои виниловые Belvinil Завиток серые 0.53 м 0225-12х12,0,test
Обои флизелиновые Rasch Lazy Sunday II 0.53 м 401141,0,test
Обои виниловые Палитра белые 0.53 м 2169-11,0,test
Обои флизелиновые Аспект 1.06 м бежевые 33005-18,0,test
Обои бумажные York Opal Essence серые 0.70 м JC5953,1,test
Обои флизелиновые Elysium Санфло красные 1.06 м Е28907,0,test
Обои флизелиновые «Камень» бежевые 0.53х10 м AS9142-17,0,test
Обои флизелиновые Rasch Poetry 2 желтые 545463 0.53 м,0,test
Обои виниловые Aura Little England II голубые 0.53 м PR33846,0,test
Обои флизелиновые Vilia Витас бежевые 1.06 м 1340-41,0,test
Обои флизелиновые Inspire чёрные 1.06 м 636079,0,test
Обои флизелиновые Rasch Florentine 2017 бежевые 0.53 м 449099,0,test
Обои флизелиновые Vernissage Шарли бежевые 1.06 м 167042-93,0,test
Обои флизелиновые Rasch Gentle Elegance 2016 серые 0.53 м 724202,0,test
Обои флизелиновые Rasch Trianon 2015 жёлтые 0.53 м 513332,0,test
Обои бумажные York Boys will be Boys BZ голубые 0.53 м BZ 9502,1,test
Обои бумажные Ronald Redding Ronald Redding 18 Karat II бежевые 0.70 м EK4199,1,test
Обои бумажные Московская обойная фабрика Хлопок белые 238402-1 0.53 м,1,test
Обои бумажные Decoprint Young at Home розовые 0.53 м YH17904,1,test
Обои бумажные Московская Обойная Фабрика Эрмитаж серые 0.53 м 237912-2,1,test
Обои флизелиновые Industry Chloe белые 1.06 м 167095-80,0,test
Обои флизелиновые Rasch Crispy Paper коричневые 0.53 м 524406,0,test
Обои флизелиновые Industry Chloe белые 1.06 м 167095-80,0,test
Обои флизелиновые Вензель бежевые 1.06 м 1124-11,0,test
Обои флизелиновые Rasch Alla Prima бежевые 1.06 м 958614,0,test
Обои виниловые Aura Little England II бежевые 0.53 м PR33858,0,test
Обои бумажные Rasch Bambino XVIII 0.53 м 249736,1,test
Обои виниловые Aura Texture World серые 0.53 м 510204,0,test
Обои флизелиновые Волны бежевые 1.06 м 0405-5,0,test
Обои флизелиновые Rasch Alla Prima бежевые 1.06 м 958607,0,test
Обои флизелиновые Elysium Аврора белые 1.06 м Е71009,0,test
Обои флизелиновые Home Color Blizzard бежевые 374-22 1.06 м,0,test
Обои флизелиновые Elysium Танго бежевые 1.06 м Е15301,0,test
Обои виниловые с эффектом окрашенных стен 0.53 м бежевые 2169-21,0,test
"Обои флизелиновые Belvinil Ваниль 1.06 м Ваниль 0183-72 Х 9 флиз Обои ""Belvinil""",0,test
Обои флизелиновые Home Color Berry серые HC31050-14 1.06 м,0,test
Обои флизелиновые Rasch Chatelaine III бежевые 925876 1.06 м,0,test
Обои бумажные Моф EcoStyle зелёные 0.53 м 239302-5,1,test
Обои флизелиновые Палитра Soft cage коричневые 0.53 м N1000-82,0,test
Обои бумажные Georgetown Designs Roses серые 0.53 м PN0449,1,test
Обои флизелиновые Inspire Anna бежевые 1.06 м 640212,0,test
Обои флизелиновые Belvinil Городской серые 1.06 м 0164-22,0,test
Обои бумажные Carlisle Company Peacock Alley красные 0.70 м CL0911,1,test
Обои флизелиновые Rasch African Queen серые 0.53 м 422320,0,test
Обои флизелиновые Inspire Basic Vertical бежевые 1.06 м IS31002-22,0,test
